-- Populate courses table with 10 realistic courses
INSERT INTO public.courses (id, title, description, instructor_id, level, category, price, is_free, duration_weeks, learning_objectives, requirements, image_url, rating, total_students) VALUES
('550e8400-e29b-41d4-a716-446655440001', 'Machine Learning Fundamentals', 'Master the basics of machine learning with hands-on projects and real-world applications. Learn supervised and unsupervised learning techniques.', '550e8400-e29b-41d4-a716-446655440101', 'beginner', 'Data Science', 99.99, false, 8, ARRAY['Understand ML algorithms', 'Build predictive models', 'Work with real datasets'], ARRAY['Basic programming knowledge', 'High school mathematics'], 'https://images.unsplash.com/photo-1555949963-aa79dcee981c?w=400&h=200&fit=crop', 4.8, 1250),
('550e8400-e29b-41d4-a716-446655440002', 'Web Development Bootcamp', 'Complete full-stack web development course covering HTML, CSS, JavaScript, React, and Node.js from scratch to deployment.', '550e8400-e29b-41d4-a716-446655440102', 'beginner', 'Web Development', 149.99, false, 12, ARRAY['Build full-stack applications', 'Master modern frameworks', 'Deploy to production'], ARRAY['Computer with internet access', 'No programming experience needed'], 'https://images.unsplash.com/photo-1461749280684-dccba630e2f6?w=400&h=200&fit=crop', 4.9, 2100),
('550e8400-e29b-41d4-a716-446655440003', 'Digital Marketing Mastery', 'Learn SEO, social media marketing, content strategy, and analytics to grow your business or career in digital marketing.', '550e8400-e29b-41d4-a716-446655440103', 'intermediate', 'Business & Marketing', 79.99, false, 6, ARRAY['Create effective marketing campaigns', 'Analyze marketing metrics', 'Master social media strategies'], ARRAY['Basic computer skills', 'Business interest'], 'https://images.unsplash.com/photo-1460925895917-afdab827c52f?w=400&h=200&fit=crop', 4.7, 890),
('550e8400-e29b-41d4-a716-446655440004', 'Python for Beginners', 'Start your programming journey with Python. Learn syntax, data structures, and build practical projects including web scrapers and games.', '550e8400-e29b-41d4-a716-446655440104', 'beginner', 'Programming', 59.99, false, 10, ARRAY['Write Python programs', 'Understand programming concepts', 'Build practical projects'], ARRAY['No programming experience needed'], 'https://images.unsplash.com/photo-1526379095098-d400fd0bf935?w=400&h=200&fit=crop', 4.6, 1580),
('550e8400-e29b-41d4-a716-446655440005', 'UI/UX Design Principles', 'Master user interface and user experience design. Learn design thinking, prototyping, and create stunning digital experiences.', '550e8400-e29b-41d4-a716-446655440105', 'intermediate', 'Design', 119.99, false, 8, ARRAY['Design user-friendly interfaces', 'Conduct user research', 'Create interactive prototypes'], ARRAY['Basic design knowledge', 'Design software access'], 'https://images.unsplash.com/photo-1581291518857-4e27b48ff24e?w=400&h=200&fit=crop', 4.8, 750),
('550e8400-e29b-41d4-a716-446655440006', 'Introduction to Photography', 'Learn the art and technique of photography. Master composition, lighting, and post-processing to create stunning images.', '550e8400-e29b-41d4-a716-446655440106', 'beginner', 'Creative Arts', 0, true, 4, ARRAY['Understand camera settings', 'Master composition techniques', 'Edit photos professionally'], ARRAY['Camera or smartphone', 'Interest in visual arts'], 'https://images.unsplash.com/photo-1452587925148-ce544e77e70d?w=400&h=200&fit=crop', 4.5, 2300),
('550e8400-e29b-41d4-a716-446655440007', 'Data Analysis with Excel', 'Transform data into insights using Excel. Learn advanced formulas, pivot tables, charts, and data visualization techniques.', '550e8400-e29b-41d4-a716-446655440107', 'intermediate', 'Data Science', 89.99, false, 6, ARRAY['Analyze complex datasets', 'Create dynamic dashboards', 'Master advanced Excel functions'], ARRAY['Basic Excel knowledge', 'Microsoft Excel access'], 'https://images.unsplash.com/photo-1551288049-bebda4e38f71?w=400&h=200&fit=crop', 4.4, 980),
('550e8400-e29b-41d4-a716-446655440008', 'Cybersecurity Fundamentals', 'Protect digital assets and understand security threats. Learn ethical hacking, network security, and incident response.', '550e8400-e29b-41d4-a716-446655440108', 'intermediate', 'Technology', 129.99, false, 10, ARRAY['Identify security vulnerabilities', 'Implement security measures', 'Respond to security incidents'], ARRAY['Basic IT knowledge', 'Computer networking basics'], 'https://images.unsplash.com/photo-1550751827-4bd374c3f58b?w=400&h=200&fit=crop', 4.7, 620),
('550e8400-e29b-41d4-a716-446655440009', 'Project Management Professional', 'Master project management methodologies including Agile, Scrum, and traditional approaches. Prepare for PMP certification.', '550e8400-e29b-41d4-a716-446655440109', 'advanced', 'Business & Marketing', 199.99, false, 12, ARRAY['Lead project teams', 'Manage project lifecycles', 'Apply PM methodologies'], ARRAY['Work experience', 'Leadership interest'], 'https://images.unsplash.com/photo-1507003211169-0a1dd7228f2d?w=400&h=200&fit=crop', 4.9, 450),
('550e8400-e29b-41d4-a716-446655440010', 'Blockchain and Cryptocurrency', 'Understand blockchain technology and cryptocurrency markets. Learn smart contracts, DeFi, and blockchain development.', '550e8400-e29b-41d4-a716-446655440110', 'advanced', 'Technology', 179.99, false, 14, ARRAY['Understand blockchain architecture', 'Develop smart contracts', 'Analyze crypto markets'], ARRAY['Programming basics', 'Financial understanding'], 'https://images.unsplash.com/photo-1518546305927-5a555bb7020d?w=400&h=200&fit=crop', 4.6, 340);

-- Populate instructors table with 10 diverse instructors
INSERT INTO public.instructors (id, name, email, title, bio, expertise, years_experience, total_students, average_rating, profile_image, location, languages, social_links) VALUES
('550e8400-e29b-41d4-a716-446655440101', 'Dr. Sarah Chen', 'sarah.chen@aicademy.com', 'AI Research Scientist', 'Former Google AI researcher with 10+ years in machine learning and data science. Published 50+ papers in top-tier conferences.', ARRAY['Machine Learning', 'Deep Learning', 'Computer Vision'], 12, 15000, 4.8, 'https://images.unsplash.com/photo-1494790108755-2616b612b786?w=150&h=150&fit=crop&crop=face', 'San Francisco, CA', ARRAY['English', 'Mandarin'], '{"linkedin": "https://linkedin.com/in/sarahchen", "twitter": "@sarahchen_ai"}'),
('550e8400-e29b-41d4-a716-446655440102', 'Mark Rodriguez', 'mark.rodriguez@aicademy.com', 'Full Stack Developer', 'Senior engineer at Meta with expertise in modern web technologies. Built scalable applications serving millions of users.', ARRAY['React', 'Node.js', 'JavaScript', 'TypeScript'], 8, 25000, 4.9, 'https://images.unsplash.com/photo-1472099645785-5658abf4ff4e?w=150&h=150&fit=crop&crop=face', 'Austin, TX', ARRAY['English', 'Spanish'], '{"github": "https://github.com/markrodriguez", "website": "https://markrodriguez.dev"}'),
('550e8400-e29b-41d4-a716-446655440103', 'Emily Johnson', 'emily.johnson@aicademy.com', 'Digital Marketing Expert', 'Award-winning marketing strategist who has helped 200+ businesses grow their online presence and revenue.', ARRAY['SEO', 'Social Media Marketing', 'Content Strategy', 'Analytics'], 7, 18500, 4.7, 'https://images.unsplash.com/photo-1438761681033-6461ffad8d80?w=150&h=150&fit=crop&crop=face', 'New York, NY', ARRAY['English'], '{"linkedin": "https://linkedin.com/in/emilyjohnson", "instagram": "@emilymarketingpro"}'),
('550e8400-e29b-41d4-a716-446655440104', 'David Kim', 'david.kim@aicademy.com', 'Python Developer', 'Senior software engineer and Python educator with 6 years of teaching experience. Creator of popular Python tutorials on YouTube.', ARRAY['Python', 'Django', 'Flask', 'Data Structures'], 6, 22000, 4.6, 'https://images.unsplash.com/photo-1507003211169-0a1dd7228f2d?w=150&h=150&fit=crop&crop=face', 'Seattle, WA', ARRAY['English', 'Korean'], '{"youtube": "https://youtube.com/@davidkimpython", "github": "https://github.com/davidkim"}'),
('550e8400-e29b-41d4-a716-446655440105', 'Jessica Martinez', 'jessica.martinez@aicademy.com', 'UX Design Director', 'Design lead at Airbnb with 9 years of experience creating user-centered digital experiences for global audiences.', ARRAY['UX Design', 'UI Design', 'Design Thinking', 'Figma'], 9, 12000, 4.8, 'https://images.unsplash.com/photo-1487412720507-e7ab37603c6f?w=150&h=150&fit=crop&crop=face', 'Los Angeles, CA', ARRAY['English', 'Spanish'], '{"dribbble": "https://dribbble.com/jessicamartinez", "behance": "https://behance.net/jessicamartinez"}'),
('550e8400-e29b-41d4-a716-446655440106', 'Alex Thompson', 'alex.thompson@aicademy.com', 'Professional Photographer', 'Award-winning photographer with work featured in National Geographic. Specialized in landscape and portrait photography.', ARRAY['Photography', 'Photo Editing', 'Lightroom', 'Composition'], 15, 28000, 4.5, 'https://images.unsplash.com/photo-1500648767791-00dcc994a43e?w=150&h=150&fit=crop&crop=face', 'Denver, CO', ARRAY['English'], '{"instagram": "@alexthompsonphoto", "website": "https://alexthompsonphoto.com"}'),
('550e8400-e29b-41d4-a716-446655440107', 'Dr. Lisa Wang', 'lisa.wang@aicademy.com', 'Data Analytics Consultant', 'Former Microsoft data scientist with expertise in business intelligence and advanced analytics. MBA from Stanford.', ARRAY['Excel', 'Power BI', 'SQL', 'Data Visualization'], 11, 16000, 4.4, 'https://images.unsplash.com/photo-1559526324-4b87b5e36e44?w=150&h=150&fit=crop&crop=face', 'Chicago, IL', ARRAY['English', 'Mandarin'], '{"linkedin": "https://linkedin.com/in/lisawangdata"}'),
('550e8400-e29b-41d4-a716-446655440108', 'Ryan O''Connor', 'ryan.oconnor@aicademy.com', 'Cybersecurity Expert', 'Former NSA analyst and current CISO with 13 years of experience protecting organizations from cyber threats.', ARRAY['Ethical Hacking', 'Network Security', 'Incident Response', 'Risk Assessment'], 13, 8500, 4.7, 'https://images.unsplash.com/photo-1556157382-97eda2d62296?w=150&h=150&fit=crop&crop=face', 'Washington, DC', ARRAY['English'], '{"linkedin": "https://linkedin.com/in/ryanoconnorcyber"}'),
('550e8400-e29b-41d4-a716-446655440109', 'Michelle Brown', 'michelle.brown@aicademy.com', 'Senior Project Manager', 'PMP-certified project manager with 10 years managing complex technology projects at Fortune 500 companies.', ARRAY['Project Management', 'Agile', 'Scrum', 'Leadership'], 10, 14000, 4.9, 'https://images.unsplash.com/photo-1580489944761-15a19d654956?w=150&h=150&fit=crop&crop=face', 'Boston, MA', ARRAY['English'], '{"linkedin": "https://linkedin.com/in/michellebrownpm"}'),
('550e8400-e29b-41d4-a716-446655440110', 'Carlos Garcia', 'carlos.garcia@aicademy.com', 'Blockchain Developer', 'DeFi protocol architect and smart contract developer. Built multiple successful blockchain projects with $100M+ TVL.', ARRAY['Solidity', 'Web3', 'DeFi', 'Smart Contracts'], 5, 6500, 4.6, 'https://images.unsplash.com/photo-1519085360753-af0119f7cbe7?w=150&h=150&fit=crop&crop=face', 'Miami, FL', ARRAY['English', 'Spanish'], '{"github": "https://github.com/carlosgarcia", "twitter": "@carlosblockchain"}'::jsonb);

-- Populate platform_analytics for the analytics dashboard
INSERT INTO public.platform_analytics (metric_name, metric_value, metric_date, metadata) VALUES
('total_users', 2847, '2024-01-19', '{"growth_rate": 12.5, "new_users_today": 43}'),
('active_courses', 10, '2024-01-19', '{"published": 10, "draft": 3, "archived": 2}'),
('enrollment_rate', 68.5, '2024-01-19', '{"target": 70, "previous_month": 64.2}'),
('completion_rate', 72.3, '2024-01-19', '{"target": 75, "previous_month": 69.8}'),
('avg_session_duration', 45.2, '2024-01-19', '{"unit": "minutes", "previous_week": 42.8}'),
('forum_engagement', 89.4, '2024-01-19', '{"posts_today": 23, "replies_today": 67}'),
('revenue_today', 5640.50, '2024-01-19', '{"target_monthly": 180000, "currency": "USD"}'),
('course_rating_avg', 4.67, '2024-01-19', '{"min_rating": 4.4, "max_rating": 4.9}'),
('instructor_satisfaction', 94.2, '2024-01-19', '{"survey_responses": 156, "target": 90}'),
('mobile_usage_percent', 42.8, '2024-01-19', '{"desktop": 57.2, "tablet": 8.3}');